Év;Hét;Húzásdátum;5 találat (Ft);4 találat (Ft);3 találat (Ft);2 találat (Ft);Számok
2020;51;2020.12.19;3959964415;934325;12640;1410;2;19;27;29;86
2020;50;2020.12.12;0;689895;13210;1575;7;37;39;67;72
2020;49;2020.12.05;0;781150;11400;1325;4;7;28;58;77
2020;48;2020.11.28;0;1599670;17680;1875;38;43;48;64;75
2020;47;2020.11.21;0;1316115;17455;1765;15;32;42;54;75
2020;46;2020.11.14;0;1533055;18260;1645;8;13;30;61;68
2020;45;2020.11.07;0;1125315;17495;1880;15;37;65;68;73
2020;44;2020.10.31;0;5322625;29275;1945;3;62;71;77;78
2020;43;2020.10.24;0;2120500;20260;1660;1;12;54;55;67
2020;42;2020.10.17;0;1196240;17505;1780;4;15;48;64;88
2020;41;2020.10.10;0;889205;12720;1315;3;12;27;38;47
2020;40;2020.10.03;0;1772490;16800;1875;20;36;54;72;76
2020;39;2020.09.26;0;615445;19840;1870;8;23;72;80;90
2020;38;2020.09.19;0;959100;15290;1590;5;24;28;34;58
2020;37;2020.09.12;0;2862020;26640;2165;2;24;61;75;85
2020;36;2020.09.05;0;2238145;21670;1845;11;15;16;27;60
2020;35;2020.08.29;0;2449835;25415;2190;34;50;55;63;66
2020;34;2020.08.22;0;2082060;22460;2005;8;25;72;80;90
2020;33;2020.08.15;0;822690;12375;1345;12;13;28;45;49
2020;32;2020.08.08;0;2613395;21685;1790;17;18;55;59;67
2020;31;2020.08.01;0;3115365;22405;1920;13;42;51;82;89
2020;30;2020.07.25;0;2568805;27905;2275;1;16;58;76;87
2020;29;2020.07.18;1700440475;2202785;20945;1970;12;32;48;75;88
2020;28;2020.07.11;0;2206750;16785;1570;19;21;26;37;88
2020;27;2020.07.04;0;2883210;26425;2105;16;53;66;68;69
2020;26;2020.06.27;0;1161925;18045;1770;2;14;15;43;65
2020;25;2020.06.20;0;783045;10845;1335;5;8;12;16;68
2020;24;2020.06.13;0;1553310;20285;1880;5;18;31;44;80
2020;23;2020.06.06;0;1716520;20905;1955;18;31;56;68;83
2020;22;2020.05.30;0;1300455;19115;1945;32;36;55;64;68
2020;21;2020.05.23;0;1337355;19465;1870;2;23;29;62;87
2020;20;2020.05.16;0;2572475;26255;2385;30;54;55;81;89
2020;19;2020.05.09;391793080;1545605;29190;2665;30;57;58;61;86
2020;18;2020.05.02;0;4328840;32035;2400;8;47;50;87;89
2020;17;2020.04.25;846015625;3307505;30295;2445;34;45;66;84;87
2020;16;2020.04.18;0;2704955;27210;2185;1;25;64;71;83
2020;15;2020.04.11;0;4250615;28295;2445;35;45;50;62;65
2020;14;2020.04.04;0;2876240;32770;2725;31;57;66;80;83
2020;13;2020.03.28;6431516010;1913465;24220;2115;20;33;39;50;64
2020;12;2020.03.21;0;3071930;35830;2625;40;48;59;60;64
2020;11;2020.03.14;0;2095225;20700;1930;12;20;30;41;77
2020;10;2020.03.07;0;3648470;27105;2210;37;52;54;81;89
2020;9;2020.02.29;0;952080;12940;1325;13;15;17;23;37
2020;8;2020.02.22;0;2496635;23670;2095;16;31;58;75;77
2020;7;2020.02.15;0;2021030;24050;2165;28;41;52;57;86
2020;6;2020.02.08;0;1467010;19730;1890;6;22;49;64;65
2020;5;2020.02.01;0;2009445;19065;1815;5;18;63;76;80
2020;4;2020.01.25;0;661245;10580;1285;3;8;23;51;56
2020;3;2020.01.18;0;528295;11725;1465;18;23;56;57;73
2020;2;2020.01.11;0;1525875;22830;2160;48;54;63;82;88
2020;1;2020.01.04;0;706570;13005;1450;4;27;53;67;68
2019;52;2019.12.28;0;2497955;33655;2180;31;44;46;71;84
2019;51;2019.12.21;0;2181950;26295;1815;2;29;53;70;82
2019;50;2019.12.14;0;1023155;18830;1665;28;34;54;62;84
2019;49;2019.12.07;0;2426985;21635;1535;15;17;63;72;90
2019;48;2019.11.30;0;1143120;16625;1415;9;15;29;49;83
2019;47;2019.11.23;0;1605020;21025;1575;5;20;67;71;83
2019;46;2019.11.16;0;1568425;19115;1460;17;19;37;61;70
2019;45;2019.11.09;0;1109555;14600;1295;4;6;10;45;59
2019;44;2019.11.02;0;1656205;21190;1425;11;12;49;64;68
2019;43;2019.10.26;0;1859510;23545;1775;17;20;41;45;85
2019;42;2019.10.19;0;747190;12715;1290;2;14;24;36;54
2019;41;2019.10.12;0;2161330;20750;1570;9;29;56;70;82
2019;40;2019.10.05;0;1797045;25480;1885;14;33;60;78;83
2019;39;2019.09.28;0;3778065;25705;1900;14;31;39;41;71
2019;38;2019.09.21;0;2628560;29115;2140;35;59;74;83;89
2019;37;2019.09.14;0;2877880;36505;2265;40;62;63;75;83
2019;36;2019.09.07;0;981215;11390;1215;4;10;21;45;81
2019;35;2019.08.31;0;5398600;30395;1830;28;41;43;44;46
2019;34;2019.08.24;0;1604515;17325;1375;4;12;16;39;90
2019;33;2019.08.17;0;5709920;30005;1985;1;15;61;79;87
2019;32;2019.08.10;0;3552690;25970;1825;24;37;40;43;50
2019;31;2019.08.03;0;2094955;19755;1500;15;21;67;75;81
2019;30;2019.07.27;0;2384650;24055;1760;16;25;26;50;75
2019;29;2019.07.20;0;1559640;17715;1315;12;21;24;33;88
2019;28;2019.07.13;0;1005805;14220;1210;1;6;27;28;54
2019;27;2019.07.06;0;2166530;22010;1665;27;32;37;73;85
2019;26;2019.06.29;1154615510;650510;10995;1135;4;10;24;55;77
2019;25;2019.06.22;0;1309040;15765;1315;1;12;16;43;56
2019;24;2019.06.15;0;1655700;22015;1680;22;28;59;72;89
2019;23;2019.06.08;0;2699135;30510;2070;26;31;35;65;87
2019;22;2019.06.01;0;1819380;20985;1545;1;23;29;58;84
2019;21;2019.05.25;0;1558880;18020;1525;22;33;47;51;66
2019;20;2019.05.18;0;1496290;18200;1480;1;15;25;46;63
2019;19;2019.05.11;0;2281700;24845;1830;6;22;71;88;90
2019;18;2019.05.04;0;1865265;23255;1720;11;30;36;67;83
2019;17;2019.04.27;0;2948070;26515;1665;1;14;68;75;76
2019;16;2019.04.20;4194319530;1732680;22555;1645;14;21;53;60;90
2019;15;2019.04.13;0;1886015;21335;1600;6;27;31;47;84
2019;14;2019.04.06;0;2628580;25605;1725;17;45;53;86;87
2019;13;2019.03.30;0;1246710;18710;1510;15;20;22;28;65
2019;12;2019.03.23;0;879555;12655;1185;7;17;42;53;76
2019;11;2019.03.16;0;1353690;15410;1310;4;13;58;74;79
2019;10;2019.03.09;0;1514515;14905;1225;3;27;72;75;78
2019;9;2019.03.02;0;1534100;25930;1985;32;55;61;73;88
2019;8;2019.02.23;0;1396675;20515;1545;11;27;46;48;87
2019;7;2019.02.16;0;2787525;31110;1775;37;38;58;59;68
2019;6;2019.02.09;0;700340;11920;1235;2;8;18;25;65
2019;5;2019.02.02;0;981835;14370;1390;8;24;38;68;78
2019;4;2019.01.26;0;1506625;28005;1975;45;67;79;86;88
2019;3;2019.01.19;0;1658750;17585;1435;3;17;34;50;89
2019;2;2019.01.12;0;1135060;17145;1365;5;7;36;76;82
2019;1;2019.01.05;0;968565;14020;1265;4;8;25;57;65
2018;52;2018.12.29;0;752240;13400;1200;3;18;43;55;74
2018;51;2018.12.22;0;2019215;21475;1635;16;26;28;46;49
2018;50;2018.12.15;0;672875;11310;1130;4;7;47;53;75
2018;49;2018.12.08;0;1797005;20335;1640;1;25;26;50;66
2018;48;2018.12.01;0;1323055;17895;1530;24;45;54;65;76
2018;47;2018.11.24;0;1047310;15460;1285;12;19;20;43;61
2018;46;2018.11.17;0;2385350;25615;1595;3;64;73;78;84
2018;45;2018.11.10;0;2033855;20290;1420;15;18;22;33;90
2018;44;2018.11.03;0;6568585;41955;2180;15;70;76;77;87
2018;43;2018.10.27;0;1117295;14480;1240;3;8;49;68;76
2018;42;2018.10.20;0;539380;10105;1105;9;13;27;81;87
2018;41;2018.10.13;0;1165300;18245;1565;9;20;44;50;70
2018;40;2018.10.06;0;1294830;15715;1365;6;22;28;42;49
2018;39;2018.09.29;0;917925;15715;1265;13;25;35;39;44
2018;38;2018.09.22;1846186825;2156195;20790;1555;38;43;48;53;69
2018;37;2018.09.15;0;1592600;22085;1745;14;28;30;52;84
2018;36;2018.09.08;0;946870;14005;1195;1;3;43;67;68
2018;35;2018.09.01;0;1327780;18350;1545;4;12;31;59;61
2018;34;2018.08.25;0;3316030;28390;1785;28;29;48;65;86
2018;33;2018.08.18;0;1495330;17000;1575;7;27;42;66;80
2018;32;2018.08.11;0;842830;17090;1990;17;37;43;66;68
2018;31;2018.08.04;0;875865;15930;2000;4;27;30;41;56
2018;30;2018.07.28;0;3431260;33735;1975;1;42;48;86;88
2018;29;2018.07.21;0;1861980;16375;1265;10;13;15;31;38
2018;28;2018.07.14;0;855715;12580;1265;4;12;24;68;84
2018;27;2018.07.07;0;1137705;18800;1530;4;17;46;78;83
2018;26;2018.06.30;0;1862920;17095;1525;19;41;43;61;75
2018;25;2018.06.23;0;2866745;25940;1785;21;32;61;65;77
2018;24;2018.06.16;0;5389970;36800;2865;38;39;40;73;83
2018;23;2018.06.09;0;1889950;20955;1545;20;21;25;39;57
2018;22;2018.06.02;1667298070;972880;14625;1225;10;13;26;64;67
2018;21;2018.05.26;0;2616725;26030;1880;15;26;51;74;89
2018;20;2018.05.19;0;3176815;20105;1495;3;43;59;62;69
2018;19;2018.05.12;0;1890800;19900;1505;4;18;56;71;80
2018;18;2018.05.05;0;897395;13135;1225;5;11;18;67;89
2018;17;2018.04.28;0;837555;13210;1250;11;23;37;55;72
2018;16;2018.04.21;0;1612125;14710;1305;4;14;27;63;65
2018;15;2018.04.14;0;1084695;16765;1375;19;27;31;37;81
2018;14;2018.04.07;0;2719175;29365;1895;25;36;38;79;84
2018;13;2018.03.31;0;1610610;16120;1290;13;14;16;29;43
2018;12;2018.03.24;0;1845470;21335;1695;22;28;31;49;78
2018;11;2018.03.17;0;1746055;22070;1550;1;23;42;62;71
2018;10;2018.03.10;0;4847945;32835;1975;12;60;67;70;85
2018;9;2018.03.03;0;2887835;29530;2015;28;50;77;78;85
2018;8;2018.02.24;906255450;1805920;16790;1380;9;11;32;40;55
2018;7;2018.02.17;0;4798280;30665;1820;10;32;42;43;46
2018;6;2018.02.10;0;4686610;36320;1915;59;64;67;73;74
2018;5;2018.02.03;0;1595770;19665;1545;3;20;53;79;88
2018;4;2018.01.27;0;3771920;24600;1810;39;40;68;72;73
2018;3;2018.01.20;0;1761680;19760;1390;1;5;34;45;46
2018;2;2018.01.13;0;1713405;24540;1845;15;45;62;78;79
2018;1;2018.01.06;0;1529010;18000;1530;17;24;37;49;82
2017;52;2017.12.30;687070585;1191295;14665;1330;1;8;17;50;77
2017;51;2017.12.23;0;3148780;30535;1880;55;67;70;71;73
2017;50;2017.12.16;0;2083960;22220;1675;1;4;31;40;83
2017;49;2017.12.09;0;1513440;19405;1645;16;39;42;45;78
2017;48;2017.12.02;0;1652385;16005;1250;1;3;23;58;70
2017;47;2017.11.25;0;2405205;20875;1540;1;20;26;54;55
2017;46;2017.11.18;1428694065;2172945;25720;1825;1;16;47;61;75
2017;45;2017.11.11;0;1623870;20635;1605;5;18;47;61;85
2017;44;2017.11.04;0;820705;16930;1530;18;22;50;54;79
2017;43;2017.10.28;0;1548235;24640;1915;15;41;50;71;76
2017;42;2017.10.21;0;1172440;21060;1700;5;32;47;62;88
2017;41;2017.10.14;0;1153560;15630;1400;1;21;35;42;90
2017;40;2017.10.07;0;2498745;25310;1765;8;38;62;69;70
2017;39;2017.09.30;0;4430005;31965;1955;10;18;83;87;89
2017;38;2017.09.23;0;2587980;24835;1910;14;58;59;78;85
2017;37;2017.09.16;0;4679010;26755;1875;34;43;51;67;80
2017;36;2017.09.09;0;703030;12735;1305;18;23;54;63;82
2017;35;2017.09.02;0;2989110;29135;1955;27;31;47;87;89
2017;34;2017.08.26;3024303035;3203900;29500;1905;34;36;59;69;90
2017;33;2017.08.19;0;487575;8810;925;3;7;19;39;50
2017;32;2017.08.12;0;2163310;19915;1530;21;33;68;75;89
2017;31;2017.08.05;0;1148295;14200;1220;7;8;25;29;76
2017;30;2017.07.29;0;6556185;31885;2020;39;46;47;78;85
2017;29;2017.07.22;0;4831440;34980;2115;22;30;35;61;71
2017;28;2017.07.15;0;1114215;15550;1385;1;9;25;73;89
2017;27;2017.07.08;0;891425;15350;1425;33;54;66;68;72
2017;26;2017.07.01;0;1058905;19525;1550;7;31;34;55;60
2017;25;2017.06.24;0;1475940;18150;1420;5;9;52;59;85
2017;24;2017.06.17;0;1865175;19615;1610;21;43;62;66;84
2017;23;2017.06.10;0;3288740;25995;1760;6;44;46;55;81
2017;22;2017.06.03;0;2147045;20225;1635;21;53;59;71;86
2017;21;2017.05.27;0;1659520;18770;1505;15;24;35;53;71
2017;20;2017.05.20;0;3113255;34915;1970;48;56;58;65;70
2017;19;2017.05.13;0;1598070;19285;1405;5;34;45;54;55
2017;18;2017.05.06;0;2197915;23760;1680;6;7;46;65;88
2017;17;2017.04.29;0;2988055;22195;1580;5;31;41;44;63
2017;16;2017.04.22;0;2466690;26310;1705;47;48;56;67;90
2017;15;2017.04.15;0;2508940;35910;2385;58;59;71;85;89
2017;14;2017.04.08;0;1029430;20600;1745;14;43;49;76;85
2017;13;2017.04.01;0;1439890;17530;1385;7;12;32;38;82
2017;12;2017.03.25;0;2298325;24005;1505;2;3;35;41;79
2017;11;2017.03.18;0;2319805;24500;1650;1;4;59;65;85
2017;10;2017.03.11;1902805560;2249765;19880;1490;1;4;40;49;67
2017;9;2017.03.04;0;1969560;17920;1345;3;28;37;44;46
2017;8;2017.02.25;0;1636895;17860;1295;10;12;13;64;79
2017;7;2017.02.18;0;3560010;41015;2365;51;61;64;74;79
2017;6;2017.02.11;0;740025;11580;1005;3;5;13;62;87
2017;5;2017.02.04;0;3941810;29185;1910;4;39;49;60;62
2017;4;2017.01.28;0;1122000;10790;1055;3;19;64;66;77
2017;3;2017.01.21;0;1823190;24810;1810;17;20;59;78;81
2017;2;2017.01.14;0;1870930;17280;1285;3;6;67;72;76
2017;1;2017.01.07;0;1192020;15920;1350;9;11;43;57;88
2016;52;2017.01.01;0;1845885;23260;1645;25;42;45;52;86
2016;51;2016.12.23;0;2845225;24335;1820;8;35;60;67;84
2016;50;2016.12.17;0;5000815;33130;1890;26;27;30;73;85
2016;49;2016.12.10;0;1425650;19985;1595;10;14;25;51;71
2016;48;2016.12.03;0;3732370;23210;1565;7;63;69;76;85
2016;47;2016.11.26;892375285;2867950;26450;1780;33;43;58;60;77
2016;46;2016.11.19;0;871040;10745;1000;8;9;19;37;43
2016;45;2016.11.12;0;1262915;16975;1415;1;11;45;67;78
2016;44;2016.11.05;0;1723080;20675;1350;7;53;65;73;87
2016;43;2016.10.29;0;2199735;27235;1635;53;55;67;79;80
2016;42;2016.10.22;0;1374070;19205;1435;14;34;43;52;78
2016;41;2016.10.15;0;1054195;18290;1340;17;22;47;73;90
2016;40;2016.10.08;0;1450860;16840;1275;23;36;38;57;76
2016;39;2016.10.01;0;2531650;23005;1435;1;23;37;49;60
2016;38;2016.09.24;538536140;2064845;21485;1450;8;29;59;77;89
2016;37;2016.09.17;0;721245;13940;1135;1;9;17;18;89
2016;36;2016.09.10;0;1948020;24520;1505;9;16;78;83;86
2016;35;2016.09.03;0;838020;13510;1050;4;13;47;76;78
2016;34;2016.08.27;0;1042055;19615;1405;22;29;53;62;74
2016;33;2016.08.20;0;7880110;44265;2115;39;41;46;47;60
2016;32;2016.08.13;573765355;1407460;13680;990;13;14;21;34;84
2016;31;2016.08.06;0;2413885;23000;1360;15;24;27;29;40
2016;30;2016.07.30;0;2489370;27855;1670;16;55;60;67;76
2016;29;2016.07.23;0;4631210;33605;1935;32;43;60;74;79
2016;28;2016.07.16;0;4041000;32115;1810;10;42;60;78;82
2016;27;2016.07.09;0;3431790;29270;1765;40;47;52;57;83
2016;26;2016.07.02;356532130;255160;6730;835;1;9;11;19;41
2016;25;2016.06.25;0;1894895;17755;1405;29;54;63;78;83
2016;24;2016.06.18;0;2572455;19850;1435;2;39;69;72;74
2016;23;2016.06.11;0;1135310;15410;1090;3;7;32;41;58
2016;22;2016.06.04;0;1204000;29570;1805;22;42;62;82;84
2016;21;2016.05.28;0;1574275;18400;1290;4;27;41;72;88
2016;20;2016.05.21;0;2898540;23380;1380;9;10;36;50;78
2016;19;2016.05.14;0;1335815;21595;1425;6;18;51;59;64
2016;18;2016.05.07;0;1962430;21420;1420;22;24;43;64;90
2016;17;2016.04.30;0;2589425;27295;1555;43;45;56;66;82
2016;16;2016.04.23;0;867925;12840;1165;24;36;44;63;68
2016;15;2016.04.16;783562710;1400670;17825;1325;8;33;57;62;66
2016;14;2016.04.09;0;1048870;15080;1185;5;22;25;67;87
2016;13;2016.04.02;0;1275090;18795;1235;1;23;27;42;84
2016;12;2016.03.26;0;2312945;23835;1655;16;38;54;84;90
2016;11;2016.03.19;0;1273500;16945;1295;15;36;45;58;72
2016;10;2016.03.12;0;1498460;19780;1475;28;30;35;56;84
2016;9;2016.03.05;0;2506310;33515;1850;38;39;52;79;85
2016;8;2016.02.27;0;2033510;17970;1330;27;35;51;57;59
2016;7;2016.02.20;467849960;2595460;20820;1350;24;43;44;48;58
2016;6;2016.02.13;0;2039795;18730;1250;11;15;23;43;87
2016;5;2016.02.06;0;1910065;20530;1370;11;15;26;39;78
2016;4;2016.01.30;0;3384925;33165;1840;48;55;62;69;80
2016;3;2016.01.23;1496723740;1481290;19000;1305;11;27;55;68;80
2016;2;2016.01.16;0;1909780;18370;1455;7;18;53;54;85
2016;1;2016.01.09;0;2442905;22175;1420;3;50;52;59;74
2015;53;2016.01.02;0;1330075;19105;1345;27;30;35;56;68
2015;52;2015.12.26;0;943155;13760;1055;3;9;38;42;85
2015;51;2015.12.19;0;2873360;29580;1945;15;21;78;87;89
2015;50;2015.12.12;0;2477585;26835;1590;34;38;45;62;90
2015;49;2015.12.05;0;1099160;16190;1245;22;24;35;63;68
2015;48;2015.11.28;0;2670505;24710;1525;9;50;72;76;89
2015;47;2015.11.21;0;2478740;24000;1690;31;53;57;60;83
2015;46;2015.11.14;0;2088280;20765;1585;10;25;38;46;50
2015;45;2015.11.07;0;2973970;34905;1805;41;45;51;54;86
2015;44;2015.10.31;0;1970280;21170;1425;18;24;30;43;79
2015;43;2015.10.24;0;892550;17835;1365;2;18;45;51;70
2015;42;2015.10.17;1786189915;747435;11035;955;2;5;17;24;72
2015;41;2015.10.10;0;1548785;21510;1595;14;54;60;78;81
2015;40;2015.10.03;0;1409885;14280;1100;5;10;23;51;58
2015;39;2015.09.26;0;3206220;30370;1690;10;57;70;75;87
2015;38;2015.09.19;0;903325;15215;1260;4;38;42;64;74
2015;37;2015.09.12;0;2129870;24720;1570;8;50;69;72;87
2015;36;2015.09.05;0;2708425;27585;1905;20;26;38;41;58
2015;35;2015.08.29;0;2127820;20975;1380;1;19;70;80;81
2015;34;2015.08.22;0;2440620;27515;1655;17;20;32;76;84
2015;33;2015.08.15;0;1682700;17610;1195;2;13;67;70;86
2015;32;2015.08.08;0;2015925;24525;1485;33;52;67;77;87
2015;31;2015.08.01;0;2137970;21830;1445;3;32;50;59;65
2015;30;2015.07.25;0;1299130;21185;1435;3;34;46;62;79
2015;29;2015.07.18;0;1487680;16805;1120;2;5;37;57;67
2015;28;2015.07.11;0;1743280;19075;1350;10;18;26;36;38
2015;27;2015.07.04;0;4532965;41950;2100;1;48;61;62;79
2015;26;2015.06.27;0;1238660;18710;1265;19;30;43;58;69
2015;25;2015.06.20;157018845;2005680;23120;1445;27;29;47;59;89
2015;24;2015.06.13;0;1094305;14695;1080;3;26;28;42;49
2015;23;2015.06.06;0;3506065;31430;1765;15;16;36;60;70
2015;22;2015.05.30;5049127895;2165720;21550;1425;18;55;56;83;90
2015;21;2015.05.23;0;1715340;19605;1485;12;25;30;46;51
2015;20;2015.05.16;0;1348730;14710;1085;1;19;20;27;34
2015;19;2015.05.09;0;1089310;16380;1280;18;37;44;52;76
2015;18;2015.05.02;0;2756855;27155;1600;8;65;67;69;82
2015;17;2015.04.25;0;2726480;27370;1705;2;50;55;65;84
2015;16;2015.04.18;0;1860415;22095;1455;25;56;57;81;86
2015;15;2015.04.11;0;1279280;15410;1130;21;23;29;46;48
2015;14;2015.04.04;0;2116875;20090;1390;2;33;38;70;77
2015;13;2015.03.28;0;2727040;21470;1540;6;18;35;74;90
2015;12;2015.03.21;0;1620735;20830;1440;18;31;36;52;59
2015;11;2015.03.14;0;1738025;20490;1355;11;41;42;45;77
2015;10;2015.03.07;0;1845210;14520;1045;13;17;19;46;60
2015;9;2015.02.28;0;1578995;16325;1135;18;19;22;62;67
2015;8;2015.02.21;0;3376465;26910;1540;1;45;64;73;86
2015;7;2015.02.14;0;2327085;26605;1685;18;31;46;49;85
2015;6;2015.02.07;0;921545;14425;1170;18;27;52;57;73
2015;5;2015.01.31;0;1544615;17715;1285;27;35;42;55;71
2015;4;2015.01.24;0;2851625;23340;1380;3;50;55;57;58
2015;3;2015.01.17;0;2496165;25080;1575;63;68;69;75;86
2015;2;2015.01.10;0;460425;7580;775;5;19;23;25;67
2015;1;2015.01.03;0;6127020;34490;1910;46;54;55;70;85
2014;52;2014.12.27;0;1988390;18645;1220;10;11;29;35;48
2014;51;2014.12.20;0;2326960;22080;1340;6;7;40;57;67
2014;50;2014.12.13;0;2015140;19780;1030;3;4;55;56;69
2014;49;2014.12.06;0;321410;7385;785;7;19;23;44;66
2014;48;2014.11.29;0;1277295;21160;1525;37;45;59;65;76
2014;47;2014.11.22;0;618250;14390;1280;25;38;43;57;72
2014;46;2014.11.15;0;1167555;15485;1140;9;19;57;61;62
2014;45;2014.11.08;0;3960320;29890;1795;14;30;51;62;78
2014;44;2014.11.01;0;2593950;26515;1815;37;62;66;85;90
2014;43;2014.10.25;0;1101905;17950;1345;27;49;72;79;81
2014;42;2014.10.18;0;2374635;24215;1445;10;17;61;63;73
2014;41;2014.10.11;0;2647925;26030;1565;4;31;38;75;89
2014;40;2014.10.04;0;1241620;14100;1070;8;14;19;30;34
2014;39;2014.09.27;0;2101530;16395;1300;27;32;36;39;57
2014;38;2014.09.20;0;529215;9750;935;2;7;12;25;76
2014;37;2014.09.13;0;2428080;23625;1430;7;39;40;58;68
2014;36;2014.09.06;387392635;793275;12465;1100;3;16;27;45;81
2014;35;2014.08.30;0;2599165;19265;1310;19;53;60;66;67
2014;34;2014.08.23;0;1444205;18585;1425;24;36;63;70;84
2014;33;2014.08.16;0;2332290;22520;1495;6;52;57;68;86
2014;32;2014.08.09;97974140;1291130;21670;1525;20;28;47;51;71
2014;31;2014.08.02;192866270;3443595;34175;1855;23;60;76;84;86
2014;30;2014.07.26;0;1178115;14380;1135;6;15;22;33;44
2014;29;2014.07.19;2049176095;417300;8400;870;13;21;44;47;52
2014;28;2014.07.12;0;1500895;16215;1255;13;47;68;70;86
2014;27;2014.07.05;0;4341245;29825;1660;45;52;59;69;81
2014;26;2014.06.28;0;1637025;20415;1380;12;26;65;66;83
2014;25;2014.06.21;0;1766980;18190;1210;3;35;37;43;52
2014;24;2014.06.14;0;839870;11565;1015;1;11;19;31;37
2014;23;2014.06.07;0;2185270;20620;1255;2;3;32;59;73
2014;22;2014.05.31;0;1861765;20250;1360;16;27;45;53;70
2014;21;2014.05.24;0;2656565;28390;1880;30;55;59;71;80
2014;20;2014.05.17;0;1784205;21405;1360;2;27;28;32;90
2014;19;2014.05.10;0;1625590;15445;1275;12;38;45;66;76
2014;18;2014.05.03;0;511905;8190;805;4;7;19;58;63
2014;17;2014.04.26;0;1553935;20045;1380;11;16;39;49;74
2014;16;2014.04.19;0;3358825;29665;1735;29;40;46;72;90
2014;15;2014.04.12;0;997505;15610;1225;5;20;22;49;70
2014;14;2014.04.05;0;1571065;16760;1240;4;20;28;40;53
2014;13;2014.03.29;0;2117515;20235;1525;19;20;30;43;65
2014;12;2014.03.22;0;4096490;30090;1480;23;26;27;86;87
2014;11;2014.03.15;3054187380;1237115;18870;1335;5;10;54;59;80
2014;10;2014.03.08;0;1022810;15525;1260;3;26;31;46;66
2014;9;2014.03.01;0;2378085;20505;1355;3;59;63;66;84
2014;8;2014.02.22;0;3240680;30435;1880;40;44;62;75;84
2014;7;2014.02.15;0;947880;15395;1240;2;10;39;44;68
2014;6;2014.02.08;0;1316505;18775;1350;15;39;42;52;55
2014;5;2014.02.01;0;1973875;20090;1410;23;32;37;62;79
2014;4;2014.01.25;0;1767310;19840;1205;15;18;19;29;39
2014;3;2014.01.18;0;1707190;18940;1510;38;43;48;57;74
2014;2;2014.01.11;0;1418035;22065;1420;1;12;42;71;85
2014;1;2014.01.04;0;3498315;22030;1410;24;42;46;47;81
2013;52;2013.12.28;0;589840;11760;1085;8;14;24;32;54
2013;51;2013.12.21;0;1008920;14310;1250;5;15;38;51;76
2013;50;2013.12.14;0;2239455;31435;1915;43;50;66;78;80
2013;49;2013.12.07;0;2672755;22815;1535;8;24;51;86;87
2013;48;2013.11.30;0;1946110;23300;1475;12;30;51;66;73
2013;47;2013.11.23;0;1856330;19725;1300;11;14;37;57;58
2013;46;2013.11.16;0;1238140;14650;1105;6;13;34;39;51
2013;45;2013.11.09;0;3882380;29845;1805;11;59;61;74;80
2013;44;2013.11.02;0;3869865;29845;1720;20;43;44;46;55
2013;43;2013.10.26;0;1536060;18445;1250;7;31;36;48;66
2013;42;2013.10.19;0;1153450;16675;1205;9;17;69;72;85
2013;41;2013.10.12;0;3603745;33305;1730;30;31;35;43;54
2013;40;2013.10.05;0;1338445;16130;1170;7;25;34;37;46
2013;39;2013.09.28;0;2579245;25635;1550;5;31;64;76;86
2013;38;2013.09.21;3087029290;1608215;19565;1330;17;21;70;77;83
2013;37;2013.09.14;0;2770035;21645;1450;1;15;48;53;62
2013;36;2013.09.07;0;2612380;31050;1715;26;66;77;82;87
2013;35;2013.08.31;0;1204835;17110;1330;15;24;48;59;65
2013;34;2013.08.24;0;1460575;16110;1195;10;12;22;39;68
2013;33;2013.08.17;0;1293085;16335;1205;12;25;31;56;57
2013;32;2013.08.10;0;2002915;26220;1625;42;44;49;70;78
2013;31;2013.08.03;0;6513545;35255;1980;30;31;39;78;83
2013;30;2013.07.27;0;2393025;29935;1895;22;59;62;80;90
2013;29;2013.07.20;0;1339140;21495;1560;16;30;32;49;73
2013;28;2013.07.13;0;879990;13005;1015;2;13;15;36;69
2013;27;2013.07.06;0;1958260;26445;1690;55;68;76;78;81
2013;26;2013.06.29;0;2423855;23695;1545;14;27;64;70;85
2013;25;2013.06.22;0;1202810;16570;1235;8;12;38;45;85
2013;24;2013.06.15;0;2600995;21805;1405;13;15;30;31;41
2013;23;2013.06.08;0;901810;15965;1200;13;26;42;79;84
2013;22;2013.06.01;0;1822160;21090;1375;9;30;39;52;75
2013;21;2013.05.25;0;2621100;23185;1355;13;50;53;59;70
2013;20;2013.05.18;0;1170195;15940;1305;23;26;33;53;60
2013;19;2013.05.11;0;3085470;25195;1625;12;37;62;82;83
2013;18;2013.05.04;0;1263835;19050;1370;25;39;45;54;65
2013;17;2013.04.27;0;2719140;27755;1590;20;23;39;70;78
2013;16;2013.04.20;0;1281990;18880;1345;18;33;53;75;89
2013;15;2013.04.13;0;3981370;28735;1695;26;39;40;52;53
2013;14;2013.04.06;0;2161905;26955;1630;1;30;37;55;82
2013;13;2013.03.30;0;1644285;16055;1150;3;45;56;57;86
2013;12;2013.03.23;1200965310;1292725;17120;1380;1;15;45;68;70
2013;11;2013.03.16;0;1044400;13790;1090;2;12;23;57;78
2013;10;2013.03.09;0;1371185;17750;1260;6;18;26;76;77
2013;9;2013.03.02;0;980230;13670;1115;6;15;23;43;68
2013;8;2013.02.23;0;2493745;24070;1290;2;3;47;61;67
2013;7;2013.02.16;0;1275935;13660;1055;3;19;41;55;61
2013;6;2013.02.09;0;1833285;22130;1545;1;31;55;77;88
2013;5;2013.02.02;0;518535;8955;845;7;14;19;37;44
2013;4;2013.01.26;0;1018395;13065;1080;21;33;43;56;79
2013;3;2013.01.19;0;1543365;15530;1155;4;20;24;36;39
2013;2;2013.01.12;0;1327045;19470;1325;4;12;31;75;85
2013;1;2013.01.05;1415181595;1939390;19410;1370;28;47;58;72;75
2012;52;2012.12.29;0;1785600;23110;1835;34;41;56;59;61
2012;51;2012.12.22;0;1021470;16745;1250;5;15;32;52;83
2012;50;2012.12.15;0;2767885;30340;1705;5;16;70;82;85
2012;49;2012.12.08;0;1615880;34220;1855;20;31;34;69;84
2012;48;2012.12.01;0;1006670;17440;1340;15;33;56;60;76
2012;47;2012.11.24;0;3142000;24625;1555;20;26;59;72;75
2012;46;2012.11.17;0;2236790;23020;1495;16;24;40;64;73
2012;45;2012.11.10;0;1020520;15685;1185;9;16;49;54;68
2012;44;2012.11.03;0;738885;10940;935;3;15;19;63;89
2012;43;2012.10.27;0;1154975;14615;1225;15;18;37;48;72
2012;42;2012.10.20;0;1780410;30225;1485;47;51;53;57;63
2012;41;2012.10.13;0;1918450;23040;1495;6;23;41;81;85
2012;40;2012.10.06;0;2215025;20455;1325;18;28;29;33;59
2012;39;2012.09.29;772148640;1104375;15950;1225;2;12;29;68;86
2012;38;2012.09.22;0;1574155;18045;1285;28;38;52;56;65
2012;37;2012.09.15;0;3880670;30510;1840;39;62;73;83;90
2012;36;2012.09.08;0;1237955;16765;1215;1;7;30;44;69
2012;35;2012.09.01;0;4797205;37475;1890;24;75;83;84;85
2012;34;2012.08.25;0;4313725;23365;1375;7;26;37;81;88
2012;33;2012.08.18;0;1316475;18475;1285;11;42;53;64;66
2012;32;2012.08.11;0;3113740;23775;1390;16;23;26;74;75
2012;31;2012.08.04;709556535;1369405;18935;1370;16;22;28;40;54
2012;30;2012.07.28;0;1614650;19970;1285;7;33;35;83;89
2012;29;2012.07.21;0;2207860;16615;1165;19;43;46;47;52
2012;28;2012.07.14;0;2938155;25720;1625;20;44;52;65;83
2012;27;2012.07.07;0;2274725;24300;1540;17;29;74;76;82
2012;26;2012.06.30;0;2116750;24915;1380;11;12;31;49;58
2012;25;2012.06.23;0;1523825;17595;1275;19;24;47;60;88
2012;24;2012.06.16;2057602470;1587555;20060;1385;19;26;53;60;89
2012;23;2012.06.09;0;2752115;20670;1310;14;21;22;58;64
2012;22;2012.06.02;0;2186345;23805;1560;18;20;30;42;51
2012;21;2012.05.26;0;1792355;18265;1290;23;30;45;56;71
2012;20;2012.05.19;0;1127870;15270;1205;11;36;43;63;66
2012;19;2012.05.12;0;2541315;22595;1365;1;25;27;69;81
2012;18;2012.05.05;0;2201815;22610;1425;21;36;68;69;87
2012;17;2012.04.28;0;1298805;15430;1235;1;6;23;46;50
2012;16;2012.04.21;0;3212715;29120;1670;24;25;43;60;85
2012;15;2012.04.14;0;1998695;25655;1500;1;23;39;50;65
2012;14;2012.04.07;0;4306380;34270;1970;35;75;80;84;86
2012;13;2012.03.31;0;2396700;23765;1500;15;17;68;71;89
2012;12;2012.03.24;0;2104755;21935;1345;5;44;63;73;83
2012;11;2012.03.17;0;1764310;22850;1470;39;45;57;77;81
2012;10;2012.03.10;0;1945810;22450;1545;45;67;69;76;88
2012;9;2012.03.03;0;1593475;19200;1305;2;18;43;48;53
2012;8;2012.02.25;0;2510100;24455;1440;7;18;59;60;65
2012;7;2012.02.18;0;1645995;17245;1245;3;29;66;79;83
2012;6;2012.02.11;0;7636755;41490;2120;40;54;60;64;65
2012;5;2012.02.04;0;1622215;18300;1300;4;15;24;78;82
2012;4;2012.01.28;0;604185;10935;1000;7;21;48;55;82
2012;3;2012.01.21;0;2929435;24805;1520;10;30;44;65;66
2012;2;2012.01.14;0;2459350;25700;1650;12;41;59;61;66
2012;1;2012.01.07;0;2649905;28790;1595;45;56;65;81;83
2011;52;2012.01.01;0;1126815;15750;1185;19;32;36;52;76
2011;51;2011.12.25;0;1324670;16180;1215;12;18;25;40;67
2011;50;2011.12.17;0;2053860;26110;1560;2;4;61;62;89
2011;49;2011.12.10;0;816710;14860;1240;4;24;32;46;84
2011;48;2011.12.03;0;1277475;16160;1185;9;18;45;57;71
2011;47;2011.11.26;0;1100160;17335;1310;2;6;34;35;76
2011;46;2011.11.19;1935227645;1014915;18090;1350;4;34;48;66;83
2011;45;2011.11.12;0;2137200;21590;1375;6;11;40;47;86
2011;44;2011.11.05;0;1419560;15150;1135;6;26;27;33;75
2011;43;2011.10.29;0;1183240;19460;1305;4;26;67;68;71
2011;42;2011.10.22;0;1723440;21160;1360;24;37;39;48;74
2011;41;2011.10.15;0;2412215;22070;1455;1;4;40;57;70
2011;40;2011.10.08;0;1635115;20315;1505;33;59;63;76;84
2011;39;2011.10.01;0;2502700;21370;1280;4;22;32;33;35
2011;38;2011.09.24;0;1239510;13380;1045;3;20;27;42;51
2011;37;2011.09.17;0;1736870;25405;1760;16;50;74;76;78
2011;36;2011.09.10;0;1191975;22395;1730;35;57;74;84;87
2011;35;2011.09.03;0;1204285;16805;1145;7;10;56;58;84
2011;34;2011.08.27;0;2835555;33380;2030;35;59;78;85;88
2011;33;2011.08.20;0;4912460;28930;1715;23;65;75;84;88
2011;32;2011.08.13;0;2226850;25165;1535;20;56;63;68;84
2011;31;2011.08.06;0;2336885;17835;1285;7;14;50;68;90
2011;30;2011.07.30;0;2087170;27960;1770;28;50;64;79;82
2011;29;2011.07.23;0;1266290;20480;1480;28;55;57;82;83
2011;28;2011.07.16;458625055;1368315;21475;1440;4;20;43;52;85
2011;27;2011.07.09;0;4372665;34105;1980;37;50;65;87;89
2011;26;2011.07.02;0;3452430;22435;1480;2;22;36;60;76
2011;25;2011.06.25;0;1827520;24050;1500;15;52;55;71;83
2011;24;2011.06.18;0;1277355;18640;1370;15;20;37;42;51
2011;23;2011.06.11;1934388935;1622515;17820;1265;11;42;45;63;76
2011;22;2011.06.04;0;2409085;19190;1235;2;13;72;83;84
2011;21;2011.05.28;0;830850;14175;1170;9;33;42;68;74
2011;20;2011.05.21;0;2186250;21665;1430;8;10;51;59;74
2011;19;2011.05.14;0;4261865;28590;1655;22;29;40;48;86
2011;18;2011.05.07;0;1497105;17795;1240;6;22;23;47;84
2011;17;2011.04.30;0;5511230;36040;1940;26;39;41;84;88
2011;16;2011.04.23;0;921500;14975;1120;1;19;34;51;67
2011;15;2011.04.16;0;6085425;38170;1990;35;60;74;77;84
2011;14;2011.04.09;0;2260960;22295;1515;2;34;66;77;82
2011;13;2011.04.02;0;1770770;17990;1240;24;29;53;71;72
2011;12;2011.03.26;0;5227725;31520;1800;40;54;73;81;85
2011;11;2011.03.19;0;2366700;27580;1650;18;41;42;52;89
2011;10;2011.03.12;0;2521610;20075;1335;17;31;32;53;72
2011;9;2011.03.05;0;2261585;27480;1480;1;56;69;75;76
2011;8;2011.02.26;0;1517470;15975;1220;5;22;51;70;72
2011;7;2011.02.19;0;1872880;21260;1605;15;38;66;70;76
2011;6;2011.02.12;556859255;750625;13420;1115;5;15;36;73;75
2011;5;2011.02.05;0;1904060;22635;1380;1;2;18;58;74
2011;4;2011.01.29;0;1068760;13705;1105;12;21;33;57;59
2011;3;2011.01.22;0;2684685;33505;1835;26;39;70;71;82
2011;2;2011.01.15;0;1678430;18425;1270;3;10;48;61;76
2011;1;2011.01.08;0;1138755;18980;1480;5;30;55;70;85
2010;52;2011.01.01;874276330;1534290;20570;1355;4;8;31;81;83
2010;51;2010.12.25;0;2238530;17680;1175;4;17;70;71;75
2010;50;2010.12.18;0;2558480;25010;1420;11;30;63;66;84
2010;49;2010.12.11;0;728050;11030;1015;4;28;38;69;72
2010;48;2010.12.04;0;1951005;19750;1340;37;45;48;52;74
2010;47;2010.11.27;0;4556430;32055;1635;2;60;66;73;84
2010;46;2010.11.20;0;3244805;31255;1575;24;26;39;40;78
2010;45;2010.11.13;0;1205780;19330;1375;1;15;22;50;80
2010;44;2010.11.06;0;2569935;23810;1500;15;41;43;45;89
2010;43;2010.10.30;77415030;1566735;15255;1150;6;28;38;49;69
2010;42;2010.10.23;758449445;2199810;20020;1230;12;23;30;33;61
2010;41;2010.10.16;0;1254220;16305;1175;2;8;38;44;50
2010;40;2010.10.09;0;1698160;22820;1405;10;29;62;74;83
2010;39;2010.10.02;0;164020;8445;780;13;19;31;53;73
2010;38;2010.09.25;0;4233945;34655;1695;26;30;36;41;81
2010;37;2010.09.18;0;929485;11595;950;1;7;14;35;43
2010;36;2010.09.11;0;1420660;16400;1175;25;32;36;43;63
2010;35;2010.09.04;0;1435095;16550;1310;15;37;46;55;59
2010;34;2010.08.28;0;899170;12750;980;3;11;16;22;87
2010;33;2010.08.21;176310200;452850;7595;720;13;19;26;53;73
2010;32;2010.08.14;0;2579575;29145;1615;39;42;47;81;89
2010;31;2010.08.07;339938885;775715;10345;920;2;9;11;37;46
2010;30;2010.07.31;0;707450;12190;955;1;3;38;63;72
2010;29;2010.07.24;0;885510;14260;1050;11;23;32;66;73
2010;28;2010.07.17;0;1993250;21015;1455;25;49;76;78;85
2010;27;2010.07.10;87586035;1306110;15985;1160;3;53;73;76;89
2010;26;2010.07.03;3177138790;1531390;13755;1030;14;17;21;28;50
2010;25;2010.06.26;0;1182320;15425;1130;11;18;26;67;83
2010;24;2010.06.19;0;1182065;16540;1235;4;44;65;73;89
2010;23;2010.06.12;0;2696265;30275;1750;31;46;70;74;78
2010;22;2010.06.05;0;2268765;20265;1280;9;18;76;85;90
2010;21;2010.05.29;0;1401300;14455;985;17;19;29;36;78
2010;20;2010.05.22;0;1050575;15455;1120;4;6;52;77;78
2010;19;2010.05.15;0;2808640;24400;1475;15;37;51;83;86
2010;18;2010.05.08;0;1690925;24900;1510;2;30;50;72;84
2010;17;2010.05.01;0;2143520;22140;1440;24;52;58;61;78
2010;16;2010.04.24;0;1401045;15610;1090;1;10;42;55;73
2010;15;2010.04.17;0;1259600;17310;1275;18;36;49;64;80
2010;14;2010.04.10;0;707820;10310;995;18;23;45;53;64
2010;13;2010.04.03;0;1792665;18240;1305;28;38;55;68;82
2010;12;2010.03.27;0;1319710;15400;1115;8;22;53;63;71
2010;11;2010.03.20;0;3528745;27270;1580;10;61;71;77;83
2010;10;2010.03.13;0;1634640;20680;1385;1;29;50;55;70
2010;9;2010.03.06;0;2081815;27580;1695;20;24;61;86;90
2010;8;2010.02.27;0;934715;12500;1055;9;24;54;79;82
2010;7;2010.02.20;0;1297905;13085;965;4;9;29;64;65
2010;6;2010.02.13;0;917840;11550;900;13;26;27;30;45
2010;5;2010.02.06;0;2127600;17690;1145;12;38;39;57;79
2010;4;2010.01.30;0;872955;14435;980;3;16;31;52;53
2010;3;2010.01.23;0;1836135;15220;965;8;9;54;69;87
2010;2;2010.01.16;0;1457275;16230;1150;25;35;42;57;87
2010;1;2010.01.09;0;774605;11760;825;13;17;42;43;46
2009;53;2010.01.02;0;1452590;18515;1145;5;42;46;71;81
2009;52;2009.12.26;0;1217620;14235;1045;4;22;68;72;82
2009;51;2009.12.19;0;1113190;14905;1015;6;28;33;41;45
2009;50;2009.12.12;156900265;723095;11830;935;3;25;48;55;80
2009;49;2009.12.05;0;2754900;19185;1240;21;38;46;61;65
2009;48;2009.11.28;50999020;555795;9715;860;15;19;45;63;68
2009;47;2009.11.21;0;4816245;35330;1765;60;73;75;82;86
2009;46;2009.11.14;335213315;2315765;25900;1515;55;61;63;86;90
2009;45;2009.11.07;0;1270525;15235;1080;6;32;57;66;77
2009;44;2009.10.31;0;828315;14610;1045;5;35;47;66;78
2009;43;2009.10.24;0;1045425;13375;885;18;19;54;57;84
2009;42;2009.10.17;85235500;1006250;12080;895;4;27;29;62;72
2009;41;2009.10.10;2189049755;1288960;16135;1105;15;28;51;52;73
2009;40;2009.10.03;0;1178705;14970;1045;1;6;8;59;71
2009;39;2009.09.26;0;815680;12540;1000;16;24;33;54;84
2009;38;2009.09.19;0;1074465;13690;955;9;16;26;73;75
2009;37;2009.09.12;0;557105;10310;880;1;11;21;29;81
2009;36;2009.09.05;0;763055;10785;875;9;14;15;26;45
2009;35;2009.08.29;0;592130;9830;820;9;12;35;56;58
2009;34;2009.08.22;0;1166255;12575;965;11;34;41;56;69
2009;33;2009.08.15;0;2588005;21955;1300;4;43;61;77;80
2009;32;2009.08.08;0;1082055;13220;1065;1;2;16;51;90
2009;31;2009.08.01;0;619815;11630;965;15;23;41;67;73
2009;30;2009.07.25;0;1121105;17585;1175;25;29;48;66;89
2009;29;2009.07.18;0;1116235;13045;1000;1;6;20;33;38
2009;28;2009.07.11;0;1326075;17205;1155;4;28;58;59;85
2009;27;2009.07.04;0;2315250;19810;1235;2;54;66;78;81
2009;26;2009.06.27;0;561445;8980;725;4;9;13;32;70
2009;25;2009.06.20;0;2090895;18030;1005;3;4;32;83;90
2009;24;2009.06.13;0;704680;11945;950;1;7;17;40;81
2009;23;2009.06.06;0;2674540;19250;1225;31;37;66;73;77
2009;22;2009.05.30;0;1945755;22525;1330;25;66;76;77;90
2009;21;2009.05.23;0;663920;10110;795;1;13;33;46;54
2009;20;2009.05.16;0;2424850;24285;1395;2;38;44;61;76
2009;19;2009.05.09;1149746950;943125;15480;1060;27;33;38;71;81
2009;18;2009.05.02;0;1386135;13340;990;10;16;29;34;42
2009;17;2009.04.25;0;2582560;23740;1290;20;43;53;54;58
2009;16;2009.04.19;0;1129170;12815;955;17;21;57;62;71
2009;15;2009.04.11;0;570170;10545;810;4;7;31;54;57
2009;14;2009.04.04;0;1288265;12615;880;7;11;15;66;79
2009;13;2009.03.28;0;1793660;20645;1315;14;32;53;70;86
2009;12;2009.03.21;0;1931555;22070;1350;20;44;52;74;85
2009;11;2009.03.14;0;2270330;25735;1270;26;31;33;36;37
2009;10;2009.03.07;0;1148085;15270;1130;11;25;57;79;86
2009;9;2009.02.28;0;2034805;19975;1165;7;22;79;86;88
2009;8;2009.02.21;0;655720;9425;795;5;19;26;62;64
2009;7;2009.02.14;0;561990;10800;925;4;16;22;39;69
2009;6;2009.02.07;870050995;1031055;12310;990;18;22;29;47;51
2009;5;2009.01.31;0;1765385;14250;1020;27;43;53;74;75
2009;4;2009.01.24;0;2516895;21685;1325;2;29;31;43;85
2009;3;2009.01.17;0;1235085;18430;1325;16;43;48;76;86
2009;2;2009.01.10;0;1804730;19665;1195;4;41;56;84;85
2009;1;2009.01.03;0;1235215;12985;915;9;12;36;51;60
2008;52;2008.12.27;0;1610810;17585;1150;26;34;66;67;83
2008;51;2008.12.20;0;1930915;21885;1220;1;23;24;39;62
2008;50;2008.12.13;0;2078820;21615;1235;1;15;43;44;51
2008;49;2008.12.06;0;1891570;19995;1275;11;24;31;60;84
2008;48;2008.11.29;159152200;787265;10805;825;10;13;28;52;65
2008;47;2008.11.22;0;462370;8320;730;9;13;16;39;67
2008;46;2008.11.15;175138540;530515;7615;685;9;13;29;33;64
2008;45;2008.11.08;0;1389845;13330;955;9;22;24;49;88
2008;44;2008.11.01;2310384275;676010;10685;940;2;9;39;69;75
2008;43;2008.10.25;0;865335;11345;900;5;14;36;46;54
2008;42;2008.10.18;0;1646215;21620;1365;31;52;55;59;62
2008;41;2008.10.11;0;1285895;11805;885;11;27;69;72;77
2008;40;2008.10.04;0;2371130;22305;1220;1;25;38;71;74
2008;39;2008.09.27;0;1050325;16400;1195;33;45;57;73;88
2008;38;2008.09.20;0;1335060;16400;1195;22;31;53;67;84
2008;37;2008.09.13;0;2940560;26920;1605;34;41;61;76;84
2008;36;2008.09.06;0;1398935;16180;1050;22;23;31;42;73
2008;35;2008.08.30;0;1931025;17850;1085;3;40;57;75;83
2008;34;2008.08.23;0;2428730;18355;1260;11;20;44;46;88
2008;33;2008.08.16;0;819375;12075;960;7;16;33;65;78
2008;32;2008.08.09;0;1193450;16895;1185;1;33;42;65;70
2008;31;2008.08.02;0;2249995;26945;1460;2;38;40;50;84
2008;30;2008.07.26;0;1745285;21410;1330;32;37;48;70;87
2008;29;2008.07.19;0;2659490;22220;1245;14;24;64;74;81
2008;28;2008.07.12;0;1119060;13030;960;2;23;26;27;50
2008;27;2008.07.05;0;3860155;19175;1240;20;27;63;81;82
2008;26;2008.06.28;0;896445;9340;770;4;7;56;71;83
2008;25;2008.06.21;0;834905;12650;1015;5;16;30;50;55
2008;24;2008.06.14;0;1071150;13265;920;3;15;16;56;89
2008;23;2008.06.07;0;909665;13050;1040;27;33;39;65;83
2008;22;2008.05.31;0;915485;14185;995;4;8;18;86;89
2008;21;2008.05.24;0;661460;9150;790;3;11;28;43;75
2008;20;2008.05.17;0;2424780;26590;1525;53;57;62;82;90
2008;19;2008.05.10;588679290;1473690;16225;1115;4;44;47;63;89
2008;18;2008.05.03;0;2562725;19505;1130;10;53;54;65;71
2008;17;2008.04.26;0;977440;10140;790;7;8;24;56;85
2008;16;2008.04.19;0;2648505;21710;1240;11;36;38;79;89
2008;15;2008.04.12;0;1853565;17640;1170;29;55;64;77;87
2008;14;2008.04.05;0;1861065;23570;1455;16;51;69;78;87
2008;13;2008.03.29;0;931535;13300;1015;10;14;28;35;41
2008;12;2008.03.22;84277605;974640;12685;965;9;29;57;69;74
2008;11;2008.03.15;127744345;726660;14325;1125;10;34;42;66;85
2008;10;2008.03.08;0;1390190;14990;1035;10;23;29;58;65
2008;9;2008.03.01;0;1355260;14250;925;11;13;49;57;60
2008;8;2008.02.23;647684995;894315;11695;930;12;27;44;52;57
2008;7;2008.02.16;0;1839865;18985;1150;2;24;26;34;88
2008;6;2008.02.09;0;933555;16165;1180;14;16;28;46;58
2008;5;2008.02.02;0;1255520;12685;920;3;18;20;71;81
2008;4;2008.01.26;0;1352925;15975;1070;10;23;61;68;72
2008;3;2008.01.19;2356386190;1013465;16255;1150;5;24;59;62;86
2008;2;2008.01.12;0;1327380;16050;1125;18;42;45;72;80
2008;1;2008.01.05;0;971280;11665;915;4;14;27;38;41
2007;52;2007.12.29;0;1215930;13080;930;9;12;15;49;66
2007;51;2007.12.22;0;2238575;22050;1280;15;17;34;80;90
2007;50;2007.12.15;0;1117985;12865;910;11;13;18;39;76
2007;49;2007.12.08;0;2310685;22735;1520;40;50;70;73;89
2007;48;2007.12.01;0;1941821;20795;1280;6;27;60;71;82
2007;47;2007.11.24;0;827617;12364;938;4;21;26;71;83
2007;46;2007.11.17;0;3111056;19431;1174;9;34;50;63;90
2007;45;2007.11.10;0;2082856;19086;1195;1;15;26;55;59
2007;44;2007.11.03;0;2566688;17671;1092;15;22;23;70;88
2007;43;2007.10.27;0;1319633;14226;972;28;34;36;42;86
2007;42;2007.10.20;0;2093060;15620;1142;25;30;40;55;74
2007;41;2007.10.13;0;1415198;16619;1020;11;21;32;84;85
2007;40;2007.10.06;0;1195677;13977;1040;1;18;30;69;90
2007;39;2007.09.29;0;830553;12247;1019;25;38;51;55;85
2007;38;2007.09.22;0;744350;11144;881;27;37;39;57;66
2007;37;2007.09.15;0;1939723;16935;1082;9;35;42;87;88
2007;36;2007.09.08;0;815262;10594;784;2;4;17;25;41
2007;35;2007.09.01;0;439396;8365;707;3;11;24;35;77
2007;34;2007.08.25;0;1870533;15956;1101;17;26;57;59;78
2007;33;2007.08.18;0;2947267;25635;1327;28;30;35;46;83
2007;32;2007.08.11;1092246517;1827555;15916;959;1;3;47;76;78
2007;31;2007.08.04;0;2010801;22330;1282;40;46;63;71;77
2007;30;2007.07.28;0;1352126;17614;1015;13;14;39;81;87
2007;29;2007.07.21;0;703781;13030;1031;20;41;44;68;71
2007;28;2007.07.14;0;1119545;16687;1088;24;56;73;89;90
2007;27;2007.07.07;0;1460357;13261;849;21;24;26;35;71
2007;26;2007.06.30;0;2414215;18509;1143;9;62;69;83;90
2007;25;2007.06.23;0;925458;10731;858;10;16;25;36;56
2007;24;2007.06.16;0;583295;8895;735;19;29;47;54;83
2007;23;2007.06.09;0;2023044;19442;1287;31;44;71;73;82
2007;22;2007.06.02;0;831385;15802;1038;11;24;42;59;78
2007;21;2007.05.26;0;1370324;14162;977;1;6;18;35;79
2007;20;2007.05.19;0;4812880;34304;1688;46;65;75;84;85
2007;19;2007.05.12;84530477;656173;12654;930;52;54;72;77;83
2007;18;2007.05.05;429213160;517745;8374;722;9;14;21;55;77
2007;17;2007.04.28;0;707078;9399;821;21;41;45;49;63
2007;16;2007.04.21;0;896338;11209;836;3;10;14;30;63
2007;15;2007.04.14;0;1588912;20808;1275;14;30;47;58;77
2007;14;2007.04.07;0;1144533;16642;1137;14;20;30;55;75
2007;13;2007.03.31;1789757064;912047;10075;778;7;49;63;64;72
2007;12;2007.03.24;0;1207456;12859;893;13;49;66;75;79
2007;11;2007.03.17;0;1359511;15093;1073;22;39;49;60;70
2007;10;2007.03.10;0;1160502;15401;977;11;24;38;39;81
2007;9;2007.03.03;0;1776073;16642;1120;18;36;65;79;89
2007;8;2007.02.24;0;463369;8742;753;8;13;39;43;63
2007;7;2007.02.17;0;2043437;25779;1441;16;22;62;79;90
2007;6;2007.02.10;0;3025314;18811;1127;1;8;34;74;86
2007;5;2007.02.03;0;2890344;20134;1159;14;23;72;85;86
2007;4;2007.01.27;0;1726677;17924;1153;2;32;47;61;67
2007;3;2007.01.20;0;3132251;23041;1232;16;43;56;57;86
2007;2;2007.01.13;0;1802254;21351;1272;45;54;79;81;82
2007;1;2007.01.06;0;1072455;10315;812;27;36;37;55;57
2006;52;2006.12.30;0;1203160;13604;873;5;21;35;62;76
2006;51;2006.12.23;0;1800231;17465;993;52;54;65;72;88
2006;50;2006.12.16;0;1825629;16371;1065;14;41;48;50;52
2006;49;2006.12.10;0;1276003;14265;989;4;27;29;74;85
2006;48;2006.12.02;0;1504369;19871;1283;20;25;31;60;79
2006;47;2006.11.25;134343194;201313;4156;501;5;13;21;27;81
2006;46;2006.11.18;0;1231246;15098;1042;14;27;40;52;74
2006;45;2006.11.11;0;559671;14857;1093;25;42;48;73;87
2006;44;2006.11.05;1546847144;781565;11805;908;15;17;37;48;57
2006;43;2006.10.28;0;1621725;15419;974;5;24;30;44;57
2006;42;2006.10.21;0;995998;13941;1006;1;6;14;18;88
2006;41;2006.10.14;0;2039782;17876;1081;3;39;40;82;83
2006;40;2006.10.07;0;1905864;17869;1168;25;38;40;55;76
2006;39;2006.09.30;0;3181564;21258;1177;11;12;35;61;76
2006;38;2006.09.23;0;1378791;14163;930;13;37;51;59;61
2006;37;2006.09.16;0;510164;7757;675;19;21;42;73;87
2006;36;2006.09.09;0;1202701;15023;991;4;12;45;65;66
2006;35;2006.09.02;0;2425292;15740;1054;17;38;39;55;85
2006;34;2006.08.26;0;1124985;15936;1051;16;35;54;65;68
2006;33;2006.08.19;0;2411784;18188;1018;17;18;66;73;90
2006;32;2006.08.12;0;1353964;18268;1166;15;22;63;81;89
2006;31;2006.08.05;0;1930242;17791;1037;13;16;46;65;69
2006;30;2006.07.29;0;2320773;26623;1445;34;45;76;77;83
2006;29;2006.07.22;0;1804312;23397;1302;36;44;47;83;89
2006;28;2006.07.15;94633831;957604;13452;978;2;15;29;73;75
2006;27;2006.07.08;911493796;701457;8800;707;4;17;19;53;61
2006;26;2006.07.01;0;2260633;22030;1223;11;62;69;74;90
2006;25;2006.06.24;0;920223;14118;1074;38;49;73;78;83
2006;24;2006.06.17;0;1192977;12657;919;11;17;69;71;80
2006;23;2006.06.10;0;1959493;22675;1239;1;29;34;73;88
2006;22;2006.06.03;0;1129369;14858;1031;15;28;35;65;73
2006;21;2006.05.27;0;1010486;12742;893;9;22;55;70;79
2006;20;2006.05.20;0;979885;13879;974;10;24;51;57;76
2006;19;2006.05.13;0;1114438;11190;877;12;22;28;56;60
2006;18;2006.05.06;0;596590;10478;879;15;23;34;44;67
2006;17;2006.04.29;0;364445;5562;535;8;11;13;21;43
2006;16;2006.04.22;0;1362566;13493;870;3;10;66;69;82
2006;15;2006.04.15;0;570669;8899;773;24;28;34;49;56
2006;14;2006.04.08;0;2180319;17890;1074;9;29;38;80;86
2006;13;2006.04.01;0;1179620;17492;1152;8;46;56;79;84
2006;12;2006.03.25;0;1334812;14706;959;13;35;61;64;66
2006;11;2006.03.18;0;2587932;20178;1222;50;53;63;79;86
2006;10;2006.03.11;0;1214702;14254;958;9;33;61;72;90
2006;9;2006.03.04;1073599437;2135911;24669;1393;44;71;73;76;84
2006;8;2006.02.25;0;1061661;10429;736;3;7;8;16;59
2006;7;2006.02.18;0;1710203;14983;935;19;27;40;80;87
2006;6;2006.02.11;0;1441784;16099;968;52;55;56;64;81
2006;5;2006.02.04;0;1045827;11760;868;21;45;52;69;83
2006;4;2006.01.28;0;2470015;18611;1009;13;63;65;66;74
2006;3;2006.01.21;0;1197263;12000;845;1;33;49;56;69
2006;2;2006.01.14;0;3319413;22245;1128;35;36;42;47;60
2006;1;2006.01.07;0;376287;5702;570;5;19;21;44;69
2005;52;2006.01.01;0;1033130;10873;831;13;35;39;42;58
2005;51;2005.12.25;339642176;513296;9523;764;6;19;31;72;81
2005;50;2005.12.17;0;683050;10540;763;3;18;19;60;79
2005;49;2005.12.10;0;922796;13551;920;7;11;16;50;86
2005;48;2005.12.03;0;1491746;17434;1096;38;45;56;63;78
2005;47;2005.11.26;0;1990879;22799;1229;5;30;72;87;88
2005;46;2005.11.19;0;1360787;13589;931;5;14;15;56;79
2005;45;2005.11.12;0;2641504;23230;1227;36;40;52;79;80
2005;44;2005.11.05;2056228524;1504755;14140;981;15;22;28;41;57
2005;43;2005.10.29;0;1233572;13737;900;33;37;40;51;52
2005;42;2005.10.22;0;1456312;16312;1024;4;51;66;74;83
2005;41;2005.10.15;0;1698490;19674;1196;34;44;55;62;75
2005;40;2005.10.08;0;755853;8821;724;3;19;50;59;70
2005;39;2005.10.01;0;998542;15877;1096;31;44;55;67;73
2005;38;2005.09.24;0;1257213;14804;999;8;36;44;55;76
2005;37;2005.09.17;0;1211014;13245;956;3;33;53;60;61
2005;36;2005.09.10;0;952422;13724;1003;4;16;22;48;88
2005;35;2005.09.03;0;2171534;18531;1001;17;18;40;42;58
2005;34;2005.08.27;0;981708;15766;1037;4;32;34;36;78
2005;33;2005.08.20;0;1096754;15263;1047;22;32;51;75;83
2005;32;2005.08.13;0;846824;11922;950;2;9;28;30;78
2005;31;2005.08.06;0;914052;13423;938;3;31;39;73;81
2005;30;2005.07.30;0;976179;13385;940;6;15;36;38;75
2005;29;2005.07.23;0;1732762;16902;968;11;12;28;64;81
2005;28;2005.07.16;0;697490;9617;766;4;10;37;42;51
2005;27;2005.07.09;0;1516138;17333;1112;12;17;45;59;75
2005;26;2005.07.02;0;927452;13116;959;17;24;47;68;84
2005;25;2005.06.25;89147992;555134;8665;746;7;24;36;57;70
2005;24;2005.06.18;2302041279;748834;14257;1011;18;35;56;88;90
2005;23;2005.06.11;0;981261;12567;900;4;29;33;44;73
2005;22;2005.06.04;0;894707;12829;939;27;36;57;71;86
2005;21;2005.05.28;0;1950288;19736;1010;7;8;69;80;84
2005;20;2005.05.21;0;2324890;17682;1084;14;16;32;53;54
2005;19;2005.05.14;0;1396715;20596;1169;1;6;62;72;75
2005;18;2005.05.07;0;2115983;23126;1421;41;50;80;83;85
2005;17;2005.04.30;0;2310571;25585;1409;41;47;77;82;84
2005;16;2005.04.23;0;889731;11511;775;3;4;25;29;65
2005;15;2005.04.16;0;1502924;15372;1035;37;50;69;77;81
2005;14;2005.04.09;0;900543;11460;856;9;27;59;72;74
2005;13;2005.04.02;0;1785254;21329;1369;16;20;41;59;60
2005;12;2005.03.26;0;681721;9149;755;2;19;63;72;82
2005;11;2005.03.19;0;1046490;13155;946;21;29;58;62;71
2005;10;2005.03.12;0;935340;13274;809;2;16;36;37;72
2005;9;2005.03.05;0;788540;10057;709;19;37;49;86;89
2005;8;2005.02.26;0;827712;9420;715;8;27;28;33;58
2005;7;2005.02.19;0;711232;11916;839;9;20;47;50;78
2005;6;2005.02.12;0;1284071;13541;892;14;30;32;37;67
2005;5;2005.02.05;0;1598995;19642;1164;31;32;54;76;89
2005;4;2005.01.29;1369312001;962618;10718;720;2;8;37;38;54
2005;3;2005.01.22;0;1714498;13873;982;30;33;40;55;88
2005;2;2005.01.15;0;1856894;16260;976;22;66;67;87;89
2005;1;2005.01.08;0;2192217;18893;1300;30;42;60;75;80
2004;53;2005.01.01;0;1964731;14494;836;38;55;65;66;67
2004;52;2004.12.25;0;815566;10412;829;24;48;50;55;80
2004;51;2004.12.18;0;1019275;10855;767;8;11;17;45;81
2004;50;2004.12.11;0;3885553;32331;1526;16;60;65;77;78
2004;49;2004.12.04;0;591444;8468;618;11;13;22;38;47
2004;48;2004.11.27;0;1800108;16989;1018;49;61;66;69;75
2004;47;2004.11.20;0;930867;11059;787;27;29;34;37;59
2004;46;2004.11.13;0;1200337;14991;961;23;47;61;69;82
2004;45;2004.11.06;0;1656751;17161;1041;28;38;47;62;79
2004;44;;0;1636218;16887;901;56;67;72;75;80
2004;43;;152800684;1837280;17031;1006;1;27;29;74;78
2004;42;;0;839398;11762;691;7;10;53;56;61
2004;41;;1720814058;590234;8453;650;2;5;17;36;73
2004;40;;0;2422732;19648;1153;31;32;44;68;75
2004;39;;0;1020464;12516;835;18;27;31;38;44
2004;38;;0;1390581;13666;825;12;26;69;70;71
2004;37;;0;3280839;26189;1266;6;75;82;83;86
2004;36;;0;1528863;16479;951;1;32;33;40;69
2004;35;;0;1384883;14795;954;16;38;48;56;60
2004;34;;0;1232818;14562;941;7;44;46;77;83
2004;33;;0;1030428;11443;889;26;43;57;64;71
2004;32;;0;1232714;12714;924;6;25;32;43;82
2004;31;;0;495353;9244;789;18;26;49;68;76
2004;30;;0;582106;9320;723;9;23;37;40;83
2004;29;;0;967228;14085;916;10;27;32;59;75
2004;28;;0;1876366;16017;1078;33;55;62;86;88
2004;27;;0;1429321;13471;853;11;26;35;51;85
2004;26;;0;1088626;12927;881;39;43;51;63;77
2004;25;;0;1041733;9250;707;9;29;37;52;65
2004;24;;0;748193;9011;682;4;19;38;40;60
2004;23;;250904037;239746;5523;559;10;21;49;56;67
2004;22;;0;537020;8978;726;1;24;49;67;71
2004;21;;0;631313;9235;731;2;11;25;32;67
2004;20;;0;1692297;17003;975;22;30;34;39;75
2004;19;;0;1494730;13248;861;2;18;32;55;59
2004;18;;0;1359743;15718;1018;28;33;65;86;88
2004;17;;0;1349861;14437;925;6;29;58;71;81
2004;16;;0;674281;11296;856;12;35;41;44;73
2004;15;;0;1087053;10190;701;19;20;28;63;89
2004;14;;0;809586;12370;899;10;23;47;58;84
2004;13;;0;1338675;16308;992;5;40;66;81;87
2004;12;;760014220;2487212;19330;1017;24;38;45;48;89
2004;11;;0;1573560;14865;971;27;31;41;49;60
2004;10;;0;1266278;14887;906;1;6;27;40;58
2004;9;;0;874845;10084;709;13;36;53;59;75
2004;8;;0;596969;10502;831;38;47;49;58;69
2004;7;;0;1410540;16063;968;36;46;55;59;72
2004;6;;0;2723936;17415;886;13;70;72;76;78
2004;5;;0;2947428;23766;1207;30;42;61;65;66
2004;4;;84189343;1163593;15405;936;22;36;40;55;61
2004;3;;185978722;919350;14060;936;20;33;51;76;79
2004;2;;0;449374;7410;658;8;13;47;56;85
2004;1;;245247361;976161;9691;723;11;20;27;32;55
2003;52;;0;971179;11794;814;11;24;34;64;89
2003;51;;0;973308;9689;668;9;20;21;59;68
2003;50;;0;1256905;12712;839;12;26;36;46;49
2003;49;;0;1025643;12145;835;24;31;67;71;73
2003;48;;5092890758;2120348;17362;993;4;15;46;49;59
2003;47;;0;821067;9954;745;1;4;8;69;74
2003;46;;0;1119028;14190;935;12;28;34;61;70
2003;45;;0;975490;9675;701;24;33;34;39;54
2003;44;;0;1534877;15426;888;23;25;28;66;76
2003;43;;0;1088922;11446;770;3;14;24;73;83
2003;42;;0;1696994;14396;825;13;40;55;56;76
2003;41;;0;1420873;18785;1115;32;45;55;70;78
2003;40;;0;2551094;29224;1432;59;68;75;80;85
2003;39;;0;677360;9002;685;20;22;23;50;67
2003;38;;0;3615384;27265;1425;16;30;81;83;87
2003;37;;0;1278467;11813;861;20;40;52;54;90
2003;36;;0;891056;10744;748;7;24;25;50;76
2003;35;;0;2059487;17163;1096;10;29;60;74;86
2003;34;;0;1745718;14422;950;25;28;45;55;74
2003;33;;0;633164;8180;643;7;12;18;38;90
2003;32;;0;682392;9382;750;6;24;25;53;79
2003;31;;0;1757528;14705;829;17;18;28;35;90
2003;30;;0;1297657;13526;890;7;29;30;77;80
2003;29;;0;1142344;11770;709;17;18;51;52;75
2003;28;;0;1178863;15269;985;4;56;74;77;89
2003;27;;0;1002377;11265;778;23;33;34;71;89
2003;26;;0;664217;10868;827;1;5;22;44;88
2003;25;;0;1868215;14687;970;2;6;47;74;80
2003;24;;0;1159443;11379;775;7;37;40;46;51
2003;23;;0;931990;11979;816;7;20;35;58;83
2003;22;;0;3341546;29120;1463;1;45;60;61;82
2003;21;;0;2102231;17827;1002;25;35;37;74;86
2003;20;;0;1444047;16556;1097;32;41;59;66;79
2003;19;;0;592941;9402;779;18;38;41;67;89
2003;18;;0;6420801;27104;1225;55;56;58;61;71
2003;17;;0;802989;12142;937;20;32;43;65;73
2003;16;;0;4421557;27062;1502;46;50;58;62;76
2003;15;;0;2184431;14233;788;12;60;66;67;72
2003;14;;0;2434097;15532;905;17;60;66;71;85
2003;13;;0;530143;7693;636;4;23;42;61;64
2003;12;;0;937168;10966;776;23;31;42;73;85
2003;11;;0;404442;4734;435;3;21;28;30;33
2003;10;;0;756346;11192;753;2;23;65;71;84
2003;9;;129687255;870474;8198;644;13;33;73;77;78
2003;8;;0;971830;10293;676;10;21;29;40;87
2003;7;;549529048;430324;6991;555;21;29;37;48;68
2003;6;;0;292072;4052;442;7;21;33;39;86
2003;5;;0;1974919;19635;915;54;56;57;59;71
2003;4;;0;1781663;11069;757;1;28;47;56;70
2003;3;;0;573238;8373;673;5;12;31;53;60
2003;2;;0;711796;10363;726;18;42;54;83;89
2003;1;;0;1681636;16036;945;37;42;44;61;62
2002;52;;2971005678;502277;7821;580;3;17;20;37;40
2002;51;;0;894799;9785;747;33;42;50;69;85
2002;50;;0;1895356;15314;720;2;3;53;60;69
2002;49;;0;1167479;10501;675;17;18;33;41;59
2002;48;;0;983307;12547;828;22;26;43;74;81
2002;47;;0;620065;7178;552;3;5;13;60;88
2002;46;;0;920004;11511;820;14;26;48;71;85
2002;45;;0;940378;9926;740;15;20;25;47;66
2002;44;;0;326916;6003;530;5;21;43;52;64
2002;43;;0;875685;9573;695;8;25;64;72;79
2002;42;;0;328654;5974;548;8;17;35;49;67
2002;41;;0;818487;10666;713;11;24;34;41;87
2002;40;;0;443519;7489;591;12;21;42;43;65
2002;39;;0;1166160;12506;755;20;21;41;62;77
2002;38;;0;623721;8785;653;11;37;40;52;73
2002;37;;0;1086030;10757;738;23;24;51;59;78
2002;36;;0;891021;9635;620;13;15;16;28;54
2002;35;;0;1550720;14511;796;11;12;18;76;79
2002;34;;0;1117735;16057;981;39;58;61;62;71
2002;33;;0;3117931;17617;895;52;55;60;67;81
2002;32;;0;316451;4738;460;3;10;27;36;56
2002;31;;0;1124705;9581;688;9;28;56;87;90
2002;30;;0;889399;13742;913;41;47;59;71;74
2002;29;;0;1011594;13257;892;6;11;30;78;80
2002;28;;0;960228;11633;785;10;16;47;67;70
2002;27;;0;387822;6315;535;6;19;47;52;85
2002;26;;0;959485;13148;789;5;30;32;49;79
2002;25;;0;2176771;13884;802;6;56;71;81;85
2002;24;;0;487092;7359;628;1;17;37;49;68
2002;23;;60598367;715397;9056;679;3;25;51;80;86
2002;22;;667790361;1354788;17268;911;15;37;39;80;81
2002;21;;0;702182;9632;716;27;31;54;66;76
2002;20;;0;1436103;15839;925;28;38;65;77;90
2002;19;;0;969469;13416;776;6;33;43;73;74
2002;18;;0;1487384;12964;789;1;37;41;72;75
2002;17;;0;492623;8019;691;22;35;43;50;69
2002;16;;0;1068460;11628;738;27;52;54;61;90
2002;15;;0;988026;9955;731;26;37;53;65;79
2002;14;;0;1861448;18919;1121;50;71;75;79;88
2002;13;;0;1216555;11512;708;2;3;24;58;87
2002;12;;0;196934;4596;442;2;19;49;53;54
2002;11;;525409724;310693;6581;612;27;35;39;68;71
2002;10;;0;448823;6973;586;6;13;55;66;81
2002;9;;0;750138;10294;697;13;51;55;62;74
2002;8;;0;801650;7454;522;12;13;19;28;85
2002;7;;0;3132537;19020;1038;18;20;61;77;90
2002;6;;0;1075920;16009;931;20;31;36;61;66
2002;5;;0;1612124;17257;937;27;30;32;47;90
2002;4;;0;1051174;10264;710;2;6;43;72;81
2002;3;;0;2011995;16237;884;2;28;29;45;81
2002;2;;0;903301;9289;694;22;36;63;68;74
2002;1;;0;700921;7527;622;10;22;43;52;68
2001;52;;0;445938;6617;574;25;27;54;72;84
2001;51;;0;1036900;11688;792;2;15;32;42;75
2001;50;;0;902084;11071;805;24;50;54;60;77
2001;49;;0;1467712;14637;834;1;21;25;60;78
2001;48;;0;1128521;11470;737;42;51;56;63;88
2001;47;;1152054123;570967;7802;609;8;23;25;54;79
2001;46;;0;251343;5539;536;19;27;51;70;84
2001;45;;0;2012994;13747;779;28;52;69;70;90
2001;44;;0;883566;14921;1022;56;77;79;85;89
2001;43;;0;820160;12355;795;11;31;45;53;83
2001;42;;0;1406566;13826;781;5;16;52;58;66
2001;41;;0;2399763;13059;763;31;36;48;50;54
2001;40;;0;666282;9650;722;6;20;26;72;82
2001;39;;0;596737;7188;563;5;11;50;67;69
2001;38;;0;189538;4869;503;19;52;63;72;81
2001;37;;0;1422959;15322;858;12;55;71;74;85
2001;36;;0;906110;8815;658;6;22;26;28;34
2001;35;;0;2327516;22336;1140;47;60;66;81;89
2001;34;;0;1862558;16693;1046;14;26;43;62;88
2001;33;;0;1731436;11956;769;4;40;42;51;76
2001;32;;0;1287791;12839;913;3;16;45;46;61
2001;31;;0;1567784;14203;799;2;32;36;41;43
2001;30;;0;804951;10069;701;1;6;25;29;41
2001;29;;0;670692;9826;717;4;20;43;58;67
2001;28;;97785946;489171;7917;614;3;15;39;67;76
2001;27;;0;1140155;16009;813;25;27;73;76;77
2001;26;;381966441;637465;7324;599;13;45;48;54;90
2001;25;;0;2770046;20626;1107;35;38;46;61;62
2001;24;;0;769084;7856;630;12;36;40;71;72
2001;23;;0;496903;7735;601;14;19;44;45;67
2001;22;;0;1108730;12691;765;22;23;51;78;89
2001;21;;0;682830;9386;617;5;7;46;52;84
2001;20;;0;1116029;11331;654;3;18;58;59;72
2001;19;;0;612464;8412;631;12;27;56;58;63
2001;18;;798385561;606502;7269;556;5;12;15;17;69
2001;17;;0;675428;9381;706;1;12;24;52;87
2001;16;;0;1223205;10616;707;13;15;28;45;79
2001;15;;0;1091212;15277;939;10;31;45;71;78
2001;14;;0;397776;4915;469;4;9;11;37;53
2001;13;;0;1237781;14879;902;12;28;37;61;80
2001;12;;0;1239748;7882;550;21;26;27;42;73
2001;11;;0;1175148;12396;763;15;32;42;47;52
2001;10;;0;2296180;20080;1014;24;61;68;75;85
2001;9;;0;1030145;9303;601;38;57;58;62;63
2001;8;;0;1416778;9522;537;1;9;34;35;86
2001;7;;0;523646;6802;459;13;28;52;75;83
2001;6;;0;460454;5370;380;7;10;18;33;41
2001;5;;0;1495441;13561;672;17;57;59;60;71
2001;4;;0;1925069;16167;787;10;43;59;80;85
2001;3;;0;1196664;10952;619;11;25;32;78;83
2001;2;;0;677436;7007;461;23;36;54;55;74
2001;1;;858072235;360461;6396;516;12;38;62;64;71
2000;52;;0;1303301;16565;746;58;66;68;83;89
2000;51;;0;1397877;12122;619;17;32;34;82;87
2000;50;;0;928770;11046;659;17;53;60;79;82
2000;49;;0;504000;9108;604;12;36;61;69;88
2000;48;;0;2287116;16942;755;15;18;60;74;78
2000;47;;0;504138;5668;410;7;8;11;29;90
2000;46;;0;445263;7042;478;5;17;32;35;81
2000;45;;0;1078097;9481;568;42;54;62;68;75
2000;44;;0;848944;9181;544;32;35;54;68;77
2000;43;;0;694188;8449;556;4;10;20;59;79
2000;42;;0;8673023;18259;908;44;50;82;85;88
2000;41;;0;1958803;14903;794;14;28;31;78;88
2000;40;;0;2792582;13630;684;30;39;55;57;85
2000;39;;0;1226975;9413;481;6;9;64;67;79
2000;38;;0;572426;8094;522;9;22;58;69;79
2000;37;;0;988094;9861;599;22;32;56;61;73
2000;36;;0;2262213;14821;712;36;50;51;80;82
2000;35;;0;1026458;12932;722;23;50;76;79;89
2000;34;;0;736964;9219;599;17;35;58;59;63
2000;33;;0;324029;4662;372;4;9;18;25;63
2000;32;;0;584880;5368;381;3;21;35;40;45
2000;31;;383471688;1030970;14674;772;46;47;70;77;79
2000;30;;0;299575;4742;386;21;44;53;56;77
2000;29;;0;1330697;10276;527;3;49;64;76;90
2000;28;;0;1268274;9227;573;17;29;64;70;82
2000;27;;0;1175062;11451;634;28;34;39;40;81
2000;26;;0;1051359;9362;589;18;47;49;55;60
2000;25;;0;1187888;10041;520;13;17;20;82;86
2000;24;;0;950582;6346;411;7;23;27;35;61
2000;23;;0;1208665;11873;688;18;38;45;58;80
2000;22;;0;682106;9615;634;16;18;50;69;88
2000;21;;49891333;488022;7042;513;5;16;26;50;73
2000;20;;50421164;1521058;12789;642;15;48;65;67;81
2000;19;;399960261;772762;9385;534;13;31;43;53;60
2000;18;;0;1989705;14680;712;1;47;58;86;90
2000;17;;0;720873;8748;524;20;23;51;59;64
2000;16;;0;646569;7111;538;25;42;48;52;90
2000;15;;0;648691;7686;482;5;11;47;48;77
2000;14;;0;839176;9245;534;15;29;37;39;55
2000;13;;0;1162360;9873;591;4;30;47;67;81
2000;12;;0;1422457;11649;510;19;57;59;73;74
2000;11;;0;369078;5251;400;10;19;57;64;81
2000;10;;0;976450;14305;755;14;16;33;78;83
2000;9;;0;287462;5698;448;4;11;31;37;64
2000;8;;224558204;1110007;10358;589;11;16;34;42;59
2000;7;;0;516600;6564;455;1;5;34;66;72
2000;6;;0;1543681;12545;636;8;10;70;76;85
2000;5;;0;684895;8901;560;4;22;30;67;88
2000;4;;0;846232;10840;645;16;29;53;57;80
2000;3;;0;715493;7174;451;7;27;40;49;78
2000;2;;657522315;437831;5715;419;17;21;32;63;73
2000;1;;0;816504;8508;538;24;30;37;54;83
1999;52;;0;520402;7312;501;14;25;42;52;64
1999;51;;0;497482;6490;420;5;11;57;67;73
1999;50;;0;1607613;14636;716;41;65;66;75;81
1999;49;;0;2140676;11657;623;22;23;50;82;90
1999;48;;0;438088;6238;475;4;27;36;63;78
1999;47;;0;712010;7944;526;6;20;36;69;84
1999;46;;0;661125;6949;466;2;13;34;57;75
1999;45;;0;1166182;13598;674;6;30;68;74;81
1999;44;;0;1060316;10437;621;2;32;36;39;58
1999;43;;0;2023721;12626;680;17;40;45;50;58
1999;42;;0;1971795;10743;483;12;13;53;62;69
1999;41;;0;770091;7533;569;42;48;57;73;87
1999;40;;0;586735;9173;605;28;40;58;64;69
1999;39;;0;937747;14345;698;48;54;57;60;90
1999;38;;0;1137089;11869;644;4;41;55;58;88
1999;37;;1059498762;424968;6818;501;22;25;48;70;73
1999;36;;0;802128;8558;559;25;42;48;54;87
1999;35;;0;738285;8405;548;16;34;38;49;70
1999;34;;0;650786;6376;405;13;19;66;77;78
1999;33;;0;830755;10100;595;29;55;64;66;74
1999;32;;0;1599188;15279;667;11;27;84;85;87
1999;31;;0;1403107;14254;697;27;32;35;82;89
1999;30;;0;1191022;10892;602;17;30;54;68;82
1999;29;;0;1659915;14462;702;27;48;61;63;80
1999;28;;0;1141925;12274;694;2;45;62;66;90
1999;27;;0;4115349;18550;845;36;79;82;85;86
1999;26;;0;1272316;12502;681;7;50;58;60;85
1999;25;;0;912290;9231;540;29;39;43;55;68
1999;24;;0;947547;10601;599;11;17;68;88;89
1999;23;;0;640188;7926;522;8;20;38;59;69
1999;22;;0;744275;8779;531;1;17;20;37;66
1999;21;;0;570849;7554;491;13;15;41;61;71
1999;20;;0;666802;6886;442;7;42;49;55;79
1999;19;;0;844472;11016;619;10;37;48;65;89
1999;18;;0;826202;10094;598;32;41;53;59;68
1999;17;;0;1039451;10748;611;14;20;45;57;72
1999;16;;0;1101061;11176;704;48;56;76;79;87
1999;15;;35963853;487645;6765;403;9;20;22;27;37
1999;14;;722547780;210259;3919;341;3;19;28;57;64
1999;13;;0;341445;4525;314;12;19;27;31;35
1999;12;;0;634020;6067;410;2;4;17;25;61
1999;11;;0;334258;4604;321;10;13;28;55;72
1999;10;;0;618222;6229;417;26;31;53;72;73
1999;9;;0;1144930;9750;467;26;27;42;55;86
1999;8;;0;780742;9756;560;32;47;55;74;78
1999;7;;0;1028142;8699;516;15;29;45;77;83
1999;6;;0;413130;5919;457;1;10;28;31;50
1999;5;;0;1118377;8406;486;15;26;27;31;66
1999;4;;0;744809;8514;510;12;41;43;57;61
1999;3;;0;666232;5702;384;7;41;70;71;84
1999;2;;0;1030142;8173;472;2;33;38;39;59
1999;1;;0;1004003;8698;486;10;17;46;47;75
1998;53;;0;385750;6760;454;10;34;54;75;78
1998;52;;0;1005351;6254;371;7;22;24;43;80
1998;51;;0;1699843;12893;633;1;35;61;77;83
1998;50;;0;615816;7182;448;6;17;50;55;85
1998;49;;0;1395043;8683;508;12;16;34;40;90
1998;48;;136946661;398638;4847;334;5;9;22;25;31
1998;47;;0;994255;10616;505;5;6;47;58;76
1998;46;;0;911639;8994;513;6;46;59;67;71
1998;45;;0;548473;7286;449;29;39;51;64;82
1998;44;;0;974202;10129;560;2;12;31;46;87
1998;43;;0;571379;7977;362;2;10;49;66;73
1998;42;;0;608383;14339;685;58;75;81;82;86
1998;41;;0;1628200;13439;606;53;61;70;75;86
1998;40;;0;528685;5792;299;1;13;35;41;53
1998;39;;0;565286;5882;389;9;20;36;52;89
1998;38;;174555304;450913;5447;365;5;23;37;45;86
1998;37;;0;501220;8229;470;15;26;42;66;84
1998;36;;0;1556631;12827;601;4;40;79;85;86
1998;35;;0;330037;5428;377;9;12;44;56;82
1998;34;;0;1157389;8976;495;5;24;77;84;88
1998;33;;0;1561174;12190;566;14;65;67;70;77
1998;32;;200650074;1247724;9456;515;17;20;25;62;79
1998;31;;0;267159;3529;297;3;27;42;53;73
1998;30;;0;984564;8134;456;6;9;26;84;88
1998;29;;0;665180;7000;395;21;25;35;41;62
1998;28;;0;2117628;9247;448;11;64;71;72;80
1998;27;;0;881904;7145;383;35;46;51;56;69
1998;26;;0;1052867;9485;482;6;57;60;67;79
1998;25;;0;547782;8988;506;26;35;59;77;83
1998;24;;0;202560;3012;250;2;6;19;44;52
1998;23;;0;501458;6115;391;27;33;66;76;81
1998;22;;0;1246298;10117;559;11;30;60;83;88
1998;21;;0;2484930;16919;720;31;40;76;84;89
1998;20;;0;3913804;14593;567;24;30;40;81;85
1998;19;;0;371507;4324;309;3;20;34;39;71
1998;18;;0;480947;6046;381;2;15;36;48;73
1998;17;;362899684;236179;3619;270;8;13;18;54;74
1998;16;;0;1133110;9836;483;31;64;72;75;89
1998;15;;0;4607573;10760;514;1;26;41;45;76
1998;14;;0;154378;2741;235;9;18;21;52;57
1998;13;;0;301374;4956;346;7;25;43;65;74
1998;12;;0;1058056;10169;557;30;41;57;62;84
1998;11;;0;2307602;15403;616;26;30;69;82;85
1998;10;;0;234219;3026;246;9;11;18;24;51
1998;9;;0;622309;7148;403;12;26;28;35;44
1998;8;;0;455542;6203;423;8;24;32;45;60
1998;7;;0;543832;6177;393;10;12;25;41;85
1998;6;;0;500621;6019;377;15;43;54;69;74
1998;5;;0;654420;5107;322;7;10;32;71;84
1998;4;;48395636;220718;3285;254;3;13;30;45;49
1998;3;;0;332643;5583;362;39;49;52;66;70
1998;2;;47708148;1392092;12135;570;1;14;46;59;64
1998;1;;0;270685;3669;262;4;18;21;24;29